Quarter,District,AvgPrice,log_price,covid_dummy,GRDP,CPI,Effective_Date,Refinancing_Rate_Pct
2017Q1,District 1,95.73844444444444,4.561619936124455,0,842376,3.520257,01/01/2017,6.5
2017Q2,District 1,97.78175824175824,4.5827380385981416,0,842376,3.520257,01/04/2017,6.25
2017Q3,District 1,124.14989130434782,4.8214896364350475,0,842376,3.520257,10/07/2017,6.25
2017Q4,District 1,122.50945652173914,4.808188223101146,0,842376,3.520257,01/10/2017,6.25
2018Q1,District 1,119.52388888888889,4.78351625841281,0,907058,3.539628,01/01/2018,6.25
2018Q2,District 1,134.14274725274726,4.8989045109505165,0,907058,3.539628,01/04/2018,6.25
2018Q3,District 1,142.92086956521737,4.962291117416139,0,907058,3.539628,01/07/2018,6.25
2018Q4,District 1,148.70413043478263,5.001958630045922,0,907058,3.539628,01/10/2018,6.25
2019Q1,District 1,176.76766666666666,5.174836252634156,0,978308,2.795824,01/01/2019,6.25
2019Q2,District 1,220.13065934065932,5.394221276153841,0,978308,2.795824,01/04/2019,6.25
2019Q3,District 1,241.0483695652174,5.484997616942498,0,978308,2.795824,16/09/2019,6.0
2019Q4,District 1,263.55326086956524,5.574255476093446,0,978308,2.795824,01/10/2019,6.0
2020Q1,District 1,232.87428571428572,5.450498761667604,1,991424,3.220934,17/03/2020,5.0
2020Q2,District 1,216.8734065934066,5.379313803554394,1,991424,3.220934,13/05/2020,4.5
2020Q3,District 1,227.97108695652173,5.429218809318968,1,991424,3.220934,01/07/2020,4.5
2020Q4,District 1,229.07076923076923,5.4340309917546925,1,991424,3.220934,01/10/2020,4.0
2021Q1,District 1,231.35922222222223,5.443971577200495,1,924367,1.834716,01/01/2021,4.0
2021Q2,District 1,239.14714285714285,5.477079022980479,1,924367,1.834716,01/04/2021,4.0
2021Q3,District 1,237.82782608695652,5.4715469920743995,1,924367,1.834716,01/07/2021,4.0
2021Q4,District 1,238.48434782608697,5.474303680611237,0,924367,1.834716,01/10/2021,4.0
2022Q1,District 1,240.05122222222224,5.480852326495844,0,1021894,3.156507,01/01/2022,4.0
2022Q2,District 1,219.56641975308642,5.391654782428428,0,1021894,3.156507,01/04/2022,4.0
2017Q1,District 2,47.29144444444444,3.8563294005844173,0,842376,3.520257,01/01/2017,6.5
2017Q2,District 2,46.137252747252745,3.8316207093009065,0,842376,3.520257,01/04/2017,6.25
2017Q3,District 2,45.47206521739131,3.8170981861455253,0,842376,3.520257,10/07/2017,6.25
2017Q4,District 2,43.99489130434783,3.7840735204579867,0,842376,3.520257,01/10/2017,6.25
2018Q1,District 2,41.693777777777775,3.7303519037090815,0,907058,3.539628,01/01/2018,6.25
2018Q2,District 2,49.9821978021978,3.911666898073404,0,907058,3.539628,01/04/2018,6.25
2018Q3,District 2,51.1675,3.9351045648714673,0,907058,3.539628,01/07/2018,6.25
2018Q4,District 2,52.90423913043478,3.9684834704444607,0,907058,3.539628,01/10/2018,6.25
2019Q1,District 2,57.80555555555556,4.057084887937524,0,978308,2.795824,01/01/2019,6.25
2019Q2,District 2,67.54560439560439,4.212802990425202,0,978308,2.795824,01/04/2019,6.25
2019Q3,District 2,77.21717391304348,4.346621892303688,0,978308,2.795824,16/09/2019,6.0
2019Q4,District 2,74.65913043478261,4.312932826415967,0,978308,2.795824,01/10/2019,6.0
2020Q1,District 2,72.76703296703297,4.287263008778457,1,991424,3.220934,17/03/2020,5.0
2020Q2,District 2,71.28648351648351,4.266706737450379,1,991424,3.220934,13/05/2020,4.5
2020Q3,District 2,72.81163043478261,4.2878757011621165,1,991424,3.220934,01/07/2020,4.5
2020Q4,District 2,75.34538461538462,4.322082670580489,1,991424,3.220934,01/10/2020,4.0
2021Q1,District 2,75.91222222222223,4.329577702033363,1,924367,1.834716,01/01/2021,4.0
2021Q2,District 2,79.87802197802198,4.380500745822668,1,924367,1.834716,01/04/2021,4.0
2021Q3,District 2,84.65847826086956,4.438625260219083,1,924367,1.834716,01/07/2021,4.0
2021Q4,District 2,90.80402173913043,4.508703576907545,0,924367,1.834716,01/10/2021,4.0
2022Q1,District 2,91.7548888888889,4.519120770407612,0,1021894,3.156507,01/01/2022,4.0
2022Q2,District 2,86.95901234567901,4.465436885178068,0,1021894,3.156507,01/04/2022,4.0
2017Q1,District 3,118.34055555555555,4.773566531808727,0,842376,3.520257,01/01/2017,6.5
2017Q2,District 3,94.22813186813187,4.545718776787417,0,842376,3.520257,01/04/2017,6.25
2017Q3,District 3,97.88717391304348,4.5838155288294535,0,842376,3.520257,10/07/2017,6.25
2017Q4,District 3,100.32315217391304,4.6083964975822935,0,842376,3.520257,01/10/2017,6.25
2018Q1,District 3,102.02433333333335,4.625211346924363,0,907058,3.539628,01/01/2018,6.25
2018Q2,District 3,115.4367032967033,4.7487223563369705,0,907058,3.539628,01/04/2018,6.25
2018Q3,District 3,129.45467391304348,4.863330811478872,0,907058,3.539628,01/07/2018,6.25
2018Q4,District 3,138.59358695652173,4.93154581553034,0,907058,3.539628,01/10/2018,6.25
2019Q1,District 3,149.91366666666667,5.01005957284502,0,978308,2.795824,01/01/2019,6.25
2019Q2,District 3,161.70615384615385,5.085780823039819,0,978308,2.795824,01/04/2019,6.25
2019Q3,District 3,203.92499999999998,5.317752279186644,0,978308,2.795824,16/09/2019,6.0
2019Q4,District 3,205.23717391304348,5.3241662563095185,0,978308,2.795824,01/10/2019,6.0
2020Q1,District 3,182.99175824175825,5.209441114896945,1,991424,3.220934,17/03/2020,5.0
2020Q2,District 3,181.3734065934066,5.200557926015695,1,991424,3.220934,13/05/2020,4.5
2020Q3,District 3,183.33108695652172,5.211293736518912,1,991424,3.220934,01/07/2020,4.5
2020Q4,District 3,190.38186813186815,5.24903188742271,1,991424,3.220934,01/10/2020,4.0
2021Q1,District 3,194.1081111111111,5.268415277612579,1,924367,1.834716,01/01/2021,4.0
2021Q2,District 3,196.16010989010988,5.2789312129542045,1,924367,1.834716,01/04/2021,4.0
2021Q3,District 3,195.72826086956522,5.276727273120465,1,924367,1.834716,01/07/2021,4.0
2021Q4,District 3,193.48597826086956,5.265205046076095,0,924367,1.834716,01/10/2021,4.0
2022Q1,District 3,187.33455555555557,5.23289608552221,0,1021894,3.156507,01/01/2022,4.0
2022Q2,District 3,178.1546913580247,5.182652225457712,0,1021894,3.156507,01/04/2022,4.0
2017Q1,District 4,66.80755555555555,4.201816181265567,0,842376,3.520257,01/01/2017,6.5
2017Q2,District 4,62.532967032967036,4.135693890205094,0,842376,3.520257,01/04/2017,6.25
2017Q3,District 4,69.41271739130435,4.240070098438267,0,842376,3.520257,10/07/2017,6.25
2017Q4,District 4,68.10217391304347,4.2210091350107675,0,842376,3.520257,01/10/2017,6.25
2018Q1,District 4,62.864444444444445,4.140980732726917,0,907058,3.539628,01/01/2018,6.25
2018Q2,District 4,71.15758241758242,4.264896888324815,0,907058,3.539628,01/04/2018,6.25
2018Q3,District 4,77.77630434782608,4.353836813428365,0,907058,3.539628,01/07/2018,6.25
2018Q4,District 4,75.92956521739131,4.3298061371109124,0,907058,3.539628,01/10/2018,6.25
2019Q1,District 4,76.54333333333332,4.337857029262669,0,978308,2.795824,01/01/2019,6.25
2019Q2,District 4,91.47384615384617,4.5160530970388475,0,978308,2.795824,01/04/2019,6.25
2019Q3,District 4,112.76510869565217,4.725306971140632,0,978308,2.795824,16/09/2019,6.0
2019Q4,District 4,128.07608695652175,4.8526245166643,0,978308,2.795824,01/10/2019,6.0
2020Q1,District 4,116.81538461538463,4.7605947793175964,1,991424,3.220934,17/03/2020,5.0
2020Q2,District 4,109.3942857142857,4.694958655664695,1,991424,3.220934,13/05/2020,4.5
2020Q3,District 4,107.59076086956522,4.678334778516542,1,991424,3.220934,01/07/2020,4.5
2020Q4,District 4,107.74054945054944,4.679726017021725,1,991424,3.220934,01/10/2020,4.0
2021Q1,District 4,109.61511111111112,4.696975240111396,1,924367,1.834716,01/01/2021,4.0
2021Q2,District 4,108.1232967032967,4.683272212094869,1,924367,1.834716,01/04/2021,4.0
2021Q3,District 4,107.8408695652174,4.680656710607168,1,924367,1.834716,01/07/2021,4.0
2021Q4,District 4,109.80532608695653,4.6987090350661775,0,924367,1.834716,01/10/2021,4.0
2022Q1,District 4,109.07133333333333,4.692002102431196,0,1021894,3.156507,01/01/2022,4.0
2022Q2,District 4,107.5895061728395,4.678323116696962,0,1021894,3.156507,01/04/2022,4.0
2017Q1,District 5,82.88344444444445,4.4174353370641635,0,842376,3.520257,01/01/2017,6.5
2017Q2,District 5,103.45175824175824,4.639105400100849,0,842376,3.520257,01/04/2017,6.25
2017Q3,District 5,120.7475,4.7937015883846055,0,842376,3.520257,10/07/2017,6.25
2017Q4,District 5,121.62728260869564,4.80096130792468,0,842376,3.520257,01/10/2017,6.25
2018Q1,District 5,90.83533333333334,4.509048343541413,0,907058,3.539628,01/01/2018,6.25
2018Q2,District 5,115.96824175824176,4.75331637567615,0,907058,3.539628,01/04/2018,6.25
2018Q3,District 5,132.24902173913043,4.884686673653436,0,907058,3.539628,01/07/2018,6.25
2018Q4,District 5,127.26304347826088,4.846256152953698,0,907058,3.539628,01/10/2018,6.25
2019Q1,District 5,130.20844444444444,4.869136585155525,0,978308,2.795824,01/01/2019,6.25
2019Q2,District 5,146.75252747252748,4.98874768154134,0,978308,2.795824,01/04/2019,6.25
2019Q3,District 5,159.9063043478261,5.074588045878365,0,978308,2.795824,16/09/2019,6.0
2019Q4,District 5,160.22684782608695,5.076590610018981,0,978308,2.795824,01/10/2019,6.0
2020Q1,District 5,162.1298901098901,5.088397804771642,1,991424,3.220934,17/03/2020,5.0
2020Q2,District 5,189.95626373626374,5.246793854800734,1,991424,3.220934,13/05/2020,4.5
2020Q3,District 5,194.54489130434783,5.270662940048768,1,991424,3.220934,01/07/2020,4.5
2020Q4,District 5,195.65549450549452,5.276355431602212,1,991424,3.220934,01/10/2020,4.0
2021Q1,District 5,197.16555555555558,5.284043759344202,1,924367,1.834716,01/01/2021,4.0
2021Q2,District 5,196.4535164835165,5.280425845989422,1,924367,1.834716,01/04/2021,4.0
2021Q3,District 5,196.44728260869567,5.280394113425703,1,924367,1.834716,01/07/2021,4.0
2021Q4,District 5,197.76108695652175,5.287059670595856,0,924367,1.834716,01/10/2021,4.0
2022Q1,District 5,199.1185555555556,5.293900403892585,0,1021894,3.156507,01/01/2022,4.0
2022Q2,District 5,192.62592592592594,5.260750100512184,0,1021894,3.156507,01/04/2022,4.0
2017Q1,District 6,78.75433333333334,4.366333302646869,0,842376,3.520257,01/01/2017,6.5
2017Q2,District 6,61.53230769230769,4.119562365206058,0,842376,3.520257,01/04/2017,6.25
2017Q3,District 6,57.912826086956514,4.058938881410386,0,842376,3.520257,10/07/2017,6.25
2017Q4,District 6,58.87554347826087,4.075425783347239,0,842376,3.520257,01/10/2017,6.25
2018Q1,District 6,65.32166666666666,4.17932378318806,0,907058,3.539628,01/01/2018,6.25
2018Q2,District 6,66.87318681318682,4.2027980917747625,0,907058,3.539628,01/04/2018,6.25
2018Q3,District 6,70.25532608695652,4.252136121524388,0,907058,3.539628,01/07/2018,6.25
2018Q4,District 6,80.40119565217391,4.3870290473700395,0,907058,3.539628,01/10/2018,6.25
2019Q1,District 6,86.79344444444445,4.4635310939805715,0,978308,2.795824,01/01/2019,6.25
2019Q2,District 6,87.70692307692308,4.474000836706325,0,978308,2.795824,01/04/2019,6.25
2019Q3,District 6,93.47826086956522,4.537728905192559,0,978308,2.795824,16/09/2019,6.0
2019Q4,District 6,94.21826086956521,4.54561401491395,0,978308,2.795824,01/10/2019,6.0
2020Q1,District 6,92.33582417582417,4.52543219378884,1,991424,3.220934,17/03/2020,5.0
2020Q2,District 6,97.34175824175824,4.578228067132645,1,991424,3.220934,13/05/2020,4.5
2020Q3,District 6,102.57510869565218,4.630595297997707,1,991424,3.220934,01/07/2020,4.5
2020Q4,District 6,103.55615384615385,4.640114014817001,1,991424,3.220934,01/10/2020,4.0
2021Q1,District 6,104.05666666666667,4.644935622547507,1,924367,1.834716,01/01/2021,4.0
2021Q2,District 6,106.33043956043956,4.666551599581277,1,924367,1.834716,01/04/2021,4.0
2021Q3,District 6,107.03141304347825,4.673122371221367,1,924367,1.834716,01/07/2021,4.0
2021Q4,District 6,108.59141304347825,4.6875923347924395,0,924367,1.834716,01/10/2021,4.0
2022Q1,District 6,109.33577777777776,4.694423677189681,0,1021894,3.156507,01/01/2022,4.0
2022Q2,District 6,107.21246913580246,4.674812558437776,0,1021894,3.156507,01/04/2022,4.0
2017Q1,District 7,29.76611111111111,3.393370535359697,0,842376,3.520257,01/01/2017,6.5
2017Q2,District 7,47.990219780219775,3.870997235568352,0,842376,3.520257,01/04/2017,6.25
2017Q3,District 7,49.27815217391304,3.8974808220513335,0,842376,3.520257,10/07/2017,6.25
2017Q4,District 7,50.09619565217392,3.9139450701212555,0,842376,3.520257,01/10/2017,6.25
2018Q1,District 7,52.40355555555555,3.9589744431386658,0,907058,3.539628,01/01/2018,6.25
2018Q2,District 7,62.14736263736263,4.129508381615646,0,907058,3.539628,01/04/2018,6.25
2018Q3,District 7,67.4583695652174,4.211510660429742,0,907058,3.539628,01/07/2018,6.25
2018Q4,District 7,69.70217391304348,4.244231506850301,0,907058,3.539628,01/10/2018,6.25
2019Q1,District 7,74.81833333333333,4.31506295298803,0,978308,2.795824,01/01/2019,6.25
2019Q2,District 7,78.17483516483516,4.358947794801038,0,978308,2.795824,01/04/2019,6.25
2019Q3,District 7,77.67652173913044,4.352553046192846,0,978308,2.795824,16/09/2019,6.0
2019Q4,District 7,79.14271739130434,4.371252771876567,0,978308,2.795824,01/10/2019,6.0
2020Q1,District 7,81.15120879120879,4.396314189613169,1,991424,3.220934,17/03/2020,5.0
2020Q2,District 7,86.44934065934066,4.459558585256267,1,991424,3.220934,13/05/2020,4.5
2020Q3,District 7,85.38597826086956,4.447181898331245,1,991424,3.220934,01/07/2020,4.5
2020Q4,District 7,86.49538461538461,4.460091055466719,1,991424,3.220934,01/10/2020,4.0
2021Q1,District 7,88.19711111111111,4.479574208634049,1,924367,1.834716,01/01/2021,4.0
2021Q2,District 7,89.25175824175824,4.49146112065347,1,924367,1.834716,01/04/2021,4.0
2021Q3,District 7,90.03804347826087,4.500232286329552,1,924367,1.834716,01/07/2021,4.0
2021Q4,District 7,90.17619565217392,4.501765485943994,0,924367,1.834716,01/10/2021,4.0
2022Q1,District 7,90.21188888888888,4.5021612242464615,0,1021894,3.156507,01/01/2022,4.0
2022Q2,District 7,90.52753086419753,4.505654012888045,0,1021894,3.156507,01/04/2022,4.0
2017Q1,District 8,44.81955555555556,3.802644552115573,0,842376,3.520257,01/01/2017,6.5
2017Q2,District 8,49.95978021978022,3.911218286124006,0,842376,3.520257,01/04/2017,6.25
2017Q3,District 8,52.71097826086957,3.964823749998054,0,842376,3.520257,10/07/2017,6.25
2017Q4,District 8,54.6875,4.001635164117833,0,842376,3.520257,01/10/2017,6.25
2018Q1,District 8,57.13611111111111,4.045436335528008,0,907058,3.539628,01/01/2018,6.25
2018Q2,District 8,59.17263736263736,4.080459228327305,0,907058,3.539628,01/04/2018,6.25
2018Q3,District 8,63.5,4.151039905898646,0,907058,3.539628,01/07/2018,6.25
2018Q4,District 8,70.825,4.26021204571658,0,907058,3.539628,01/10/2018,6.25
2019Q1,District 8,74.10733333333333,4.305514492767416,0,978308,2.795824,01/01/2019,6.25
2019Q2,District 8,77.93714285714286,4.355902641003361,0,978308,2.795824,01/04/2019,6.25
2019Q3,District 8,81.01978260869565,4.394693354590195,0,978308,2.795824,16/09/2019,6.0
2019Q4,District 8,84.00108695652175,4.430829738718185,0,978308,2.795824,01/10/2019,6.0
2020Q1,District 8,89.29615384615384,4.491958416923041,1,991424,3.220934,17/03/2020,5.0
2020Q2,District 8,92.03395604395604,4.522157596387333,1,991424,3.220934,13/05/2020,4.5
2020Q3,District 8,91.53652173913044,4.516738037334375,1,991424,3.220934,01/07/2020,4.5
2020Q4,District 8,90.7967032967033,4.508622977643092,1,991424,3.220934,01/10/2020,4.0
2021Q1,District 8,90.38300000000001,4.504056196616585,1,924367,1.834716,01/01/2021,4.0
2021Q2,District 8,90.59241758241758,4.506370518403341,1,924367,1.834716,01/04/2021,4.0
2021Q3,District 8,90.96978260869564,4.510527392127869,1,924367,1.834716,01/07/2021,4.0
2021Q4,District 8,93.37065217391304,4.536577079305038,0,924367,1.834716,01/10/2021,4.0
2022Q1,District 8,95.27266666666668,4.556742955950099,0,1021894,3.156507,01/01/2022,4.0
2022Q2,District 8,95.26777777777777,4.556691639927359,0,1021894,3.156507,01/04/2022,4.0
2017Q1,District 9,25.415333333333333,3.2353526664269956,0,842376,3.520257,01/01/2017,6.5
2017Q2,District 9,23.4032967032967,3.1528768971965997,0,842376,3.520257,01/04/2017,6.25
2017Q3,District 9,29.143260869565214,3.3722236980603797,0,842376,3.520257,10/07/2017,6.25
2017Q4,District 9,30.724347826086955,3.4250554290620343,0,842376,3.520257,01/10/2017,6.25
2018Q1,District 9,31.888444444444445,3.4622437010440468,0,907058,3.539628,01/01/2018,6.25
2018Q2,District 9,34.34967032967033,3.5365924212327933,0,907058,3.539628,01/04/2018,6.25
2018Q3,District 9,36.12608695652174,3.587015234741786,0,907058,3.539628,01/07/2018,6.25
2018Q4,District 9,41.33456521739131,3.7216990801393712,0,907058,3.539628,01/10/2018,6.25
2019Q1,District 9,43.358666666666664,3.7695066063510874,0,978308,2.795824,01/01/2019,6.25
2019Q2,District 9,49.93164835164835,3.9106550372191116,0,978308,2.795824,01/04/2019,6.25
2019Q3,District 9,54.36945652173913,3.995802535186206,0,978308,2.795824,16/09/2019,6.0
2019Q4,District 9,57.32576086956522,4.048750101565875,0,978308,2.795824,01/10/2019,6.0
2020Q1,District 9,58.71131868131868,4.072632530755868,1,991424,3.220934,17/03/2020,5.0
2020Q2,District 9,59.20406593406593,4.080990220850188,1,991424,3.220934,13/05/2020,4.5
2020Q3,District 9,58.713913043478264,4.07267671822941,1,991424,3.220934,01/07/2020,4.5
2020Q4,District 9,58.18615384615384,4.063647420009696,1,991424,3.220934,01/10/2020,4.0
2021Q1,District 9,59.949444444444445,4.09350161444884,1,924367,1.834716,01/01/2021,4.0
2021Q2,District 9,64.29021978021977,4.163407516723265,1,924367,1.834716,01/04/2021,4.0
2021Q3,District 9,66.29347826086956,4.194091525247416,1,924367,1.834716,01/07/2021,4.0
2021Q4,District 9,66.36467391304348,4.195164895527986,0,924367,1.834716,01/10/2021,4.0
2022Q1,District 9,67.35377777777778,4.209958993009761,0,1021894,3.156507,01/01/2022,4.0
2022Q2,District 9,69.56308641975308,4.242234059113482,0,1021894,3.156507,01/04/2022,4.0
